001.jpg,1,1
002.jpg,2,1
003.jpg,3,1
004.jpg,4,1
005.jpg,5,1
006.jpg,6,1
008.jpg,7,1
009.jpg,8,1
010.jpg,9,1
011.jpg,10,1
014.jpg,11,2
015.jpg,12,2
017.jpg,13,2
018.jpg,14,2
019.jpg,15,2
020.jpg,16,2
021.jpg,17,2
022.jpg,18,2
023.jpg,19,2
024.jpg,20,2
025.jpg,21,3
029.jpg,22,3
030.jpg,23,3
031.jpg,24,3
036.jpg,25,3
039.jpg,26,3
042.jpg,27,3
043.jpg,28,3
047.jpg,29,3
054.jpg,30,3
056.jpg,31,4
057.jpg,32,4
060.jpg,33,4
061.jpg,34,4
069.jpg,35,4
071.jpg,36,4
072.jpg,37,4
073.jpg,38,4
076.jpg,39,4
082.jpg,40,4
085.jpg,41,5
092.jpg,42,5
097.jpg,43,5
101.jpg,44,5
102.jpg,45,5
103.jpg,46,5
104.jpg,47,5
105.jpg,48,5
106.jpg,49,5
107.jpg,50,5
117.jpg,51,6
166.jpg,52,6
167.jpg,53,6
168.jpg,54,6
169.jpg,55,6
170.jpg,56,6
171.jpg,57,6
172.jpg,58,6
173.jpg,59,6
174.jpg,60,6
176.jpg,61,7
177.jpg,62,7
178.jpg,63,7
179.jpg,64,7
180.jpg,65,7
181.jpg,66,7
182.jpg,67,7
183.jpg,68,7
184.jpg,69,7
185.jpg,70,7
186.jpg,71,8
187.jpg,72,8
188.jpg,73,8
189.jpg,74,8
190.jpg,75,8
191.jpg,76,8
192.jpg,77,8
193.jpg,78,8
194.jpg,79,8
195.jpg,80,8